review_text,rating,review_date,thumbs_up_count,app_version
good music just way too many ads every other song was three ads,4,2026-06-30 19:34:52,0,9.1.60.1970
Great experience. It would be nice to have more of a variety of commercials on the free version so I'm not hearing a repeat one after another. I plan to get premium soon.,4,2026-06-30 19:34:23,0,9.1.60.1970
I really like setting up a playlist of songs I like. it's very handy and synced across my devices.,5,2026-06-30 19:33:24,0,9.1.60.1970
Spotify is the best app for music but the worst thing is when your trying to listen to music but a bunch of ads start to pop up but other than that it's The best app for music,4,2026-06-30 19:23:11,0,
nice song,5,2026-06-30 19:22:25,0,9.1.60.1970
🔥🔥🔥🔥🔥🔥🔥🔥🔥🔥🔥🔥🔥🔥,5,2026-06-30 19:21:31,0,
I'm religious n don't want here a song about God n then listen to a advertisement about alcohol n the fact I can't play in the order I want without out paying your advertisement are worse then YouTube but at least it play songs I want in my order without making me pay not worth the temptations of sin to have this app,1,2026-06-30 19:21:25,0,9.1.60.1970
just make more understanding,5,2026-06-30 19:20:44,0,
"I practically live on this app. I have unlimited Data through my cell provider, and have superb internet service at home. why is it that Spotify will randomly go offline, sometimes its an hour before it lets me use it in an online setting. Been with spotify since it was a thing. You make YOUTUBE look more promising by the day. quit fixing stuff that isnt broke, and fix the stuff that is. Yall get damn near 20 bucks a month out of me. it would be nice to jam my online music. when I'm online.",1,2026-06-30 19:20:14,13,9.1.60.1970
super but suddenly coming in online classes,5,2026-06-30 19:20:14,0,9.1.60.1970
"Good Stuff, Maynard!",5,2026-06-30 19:18:08,0,
Very best,5,2026-06-30 19:18:07,0,9.1.60.1970
"Widgets NEEDS work. Your new widget only works half the time and I've had to go through the menu to get into Spotify. Also, I can't understand why I'm paying for premium but still having to listen to ads during podcasts? Make it make sense....",3,2026-06-30 19:16:55,0,9.1.60.1970
i loved using this app,5,2026-06-30 19:16:53,0,9.1.60.1970
never had a problem with it lots of underground hip-hop and mixtapes,4,2026-06-30 19:15:22,0,9.1.34.2060
No premium benefits freely,4,2026-06-30 19:13:02,0,9.1.60.1970
I love the app but some times it's just won't open,4,2026-06-30 19:13:00,0,9.1.58.1567
super songs,5,2026-06-30 19:09:59,0,9.1.42.2058
horrendous app literally stops playing music after ONE song is done playing,1,2026-06-30 19:07:52,0,9.1.60.1970
too many ads i know free users have to watch ads but that's too much you have to cut your ads,3,2026-06-30 19:07:05,0,9.1.60.1970
fire especially with premium,5,2026-06-30 19:05:21,0,9.1.60.1970
good,5,2026-06-30 19:04:02,0,9.1.60.1970
♥️Rounak yadhuvanshi♥️,5,2026-06-30 19:03:29,0,9.1.60.1970
nice,1,2026-06-30 19:03:03,0,
This app is absolutely amazing!!,5,2026-06-30 19:02:42,0,
"Spotify has a huge collection of songs and podcasts. I enjoy listening to music every day, and the app always recommends songs that match my taste. It works really well.",5,2026-06-30 19:02:07,0,9.1.58.1567
great,5,2026-06-30 19:00:16,0,9.1.60.1970
"app is very slow, only app to show that I'm offline when I load it up despite WiFi connection, skipping back or forward multiple songs makes the buttons stop working, adding songs to playlists doesn't work half the time despite it saying ""changes saved"" or ""added X to y playlist""",1,2026-06-30 19:00:05,0,9.1.60.1970
🌚,4,2026-06-30 18:59:20,0,
randomly kicks me out and have to login and don't load any of my Playlist,1,2026-06-30 18:59:07,0,9.1.60.1970
good,5,2026-06-30 18:57:57,0,9.1.60.1970
promotion oriented best experience so far.,4,2026-06-30 18:57:54,0,9.1.58.1567
Good application,5,2026-06-30 18:55:09,0,
the last two days my Spotify won't do anything won't even load just a black screen,1,2026-06-30 18:53:40,0,9.1.60.1970
excellent. lossless. perfect song radio learning of other tunes. thanks spotify,5,2026-06-30 18:53:09,0,9.1.60.1970
show ads after 8 song 🎵 🎶 🎵,5,2026-06-30 18:49:56,0,9.1.50.1906
it was great,5,2026-06-30 18:46:40,0,9.1.60.1970
me encanta y espero poder suscribirme pero cada que abro la computadora se me olvida y desde el cel no puedo.,5,2026-06-30 18:45:36,0,9.1.52.1394
it's a very cool app,5,2026-06-30 18:45:29,0,9.1.60.1970
amazing😍,5,2026-06-30 18:45:22,0,9.0.58.596
It works.,4,2026-06-30 18:40:17,0,9.1.60.1970
the best music app period,5,2026-06-30 18:39:50,0,9.1.60.1970
🤩,5,2026-06-30 18:37:48,0,
excellent servoce,5,2026-06-30 18:36:12,0,9.1.60.1970
hah! now we can't even skip songs without premium what a load of bs this is Spotify and more bunch of things you have messed up this is sooooo muchhhh disappointing. I have been using Spotify from 3 to 4 years and never have been disappointed this much.,1,2026-06-30 18:35:24,0,9.1.60.1970
good,4,2026-06-30 18:35:04,0,9.1.52.1394
taking money for play songs we can play 6 song than take money,1,2026-06-30 18:34:50,0,9.1.60.1970
Spotify has an amazing music library and personalized playlists. The app is easy to use and the sound quality is excellent.,5,2026-06-30 18:29:48,0,9.1.60.1970
🥰,5,2026-06-30 18:28:38,0,9.1.58.1567
only adds problem,5,2026-06-30 18:24:03,0,9.1.52.1394
so cool,5,2026-06-30 18:21:21,0,9.1.60.1970
"Spotify has a great music library and a user-friendly interface, making it easy to discover and enjoy music. However, the free version has far too many ads. The advertisements are too frequent and interrupt the listening experience, making it frustrating to use. Reducing the number of ads or spacing them out better would greatly improve the app. Overall, it's a good platform, but the excessive ads are a major downside.",4,2026-06-30 18:20:27,0,9.1.60.1970
"Spotify has become my number one music source. I really like all the features and benefits it has. I'm using it on a regular basis now versus competition 🙂. Just please, just stopped raising the price please.",5,2026-06-30 18:19:20,0,9.1.60.1970
"Worth it to download, Spotify figures me out an the recommend songs are worth it. I love the music.",5,2026-06-30 18:18:58,0,9.1.60.1970
"I don't know why, but this app is utter garbage. First of all I have the problem, that if an episode of my podcast ends the player will just give up and not do anything anymore. Then I have the problem that sometimes I just don't see any episode on the channel that I want to watch. And then the App does not reliably synchronise with the web player EVER.",1,2026-06-30 18:18:56,0,9.1.60.1970
"the best music and podcast apps ever , up-to-date trending music , all the song is fav.",5,2026-06-30 18:16:00,0,9.1.60.1970
"We paid for family plan and my mom's card had to be blocked because she lost it, now that our family plan is canceled Spotify wants us to pay for a new subscription despite Spotify not giving us the proper instructions. Customer service keeps avoiding our questions, take long to respond, and keep insisting we pay for a new subscription. We have told them our situation yet they still refuse to listen to us.",2,2026-06-30 18:15:35,0,
it's okay for study time👍,5,2026-06-30 18:11:29,0,9.1.34.2060
worst app,2,2026-06-30 18:10:45,0,9.1.60.1970
Spotify are the best. I've made so many public playlist for people to enjoy. no crashes and its worth to subscribe.,5,2026-06-30 18:06:32,0,8.8.96.364
it takes premium to play the soun,1,2026-06-30 18:02:46,0,9.1.60.1970
bagus,5,2026-06-30 18:02:25,0,
im not into podcasts and when i play music from this through my head phones it isn't as loud as youtube music,3,2026-06-30 17:59:25,0,9.0.10.415
Splendid! The ability to create and listen to my sounds is incredible.,5,2026-06-30 17:52:01,0,9.1.56.574
solid fr,3,2026-06-30 17:50:23,0,9.1.56.574
bad 👎 experience,5,2026-06-30 17:49:48,0,9.1.52.1394
this is good but the ads are long and mess with the music,4,2026-06-30 17:47:42,0,9.1.60.1970
the app is very good for people w perimium.. but for broke people like me nah.. i hate listening an ads 3 times in a row after finishing 1 song bro.. a little greedy but fine,3,2026-06-30 17:47:27,0,
It is good Try it now,5,2026-06-30 17:47:26,0,9.1.60.1970
"App rarely works for me don't know why. music won't play, always prompting that I am offline. cant Even see my play like",1,2026-06-30 17:45:27,0,8.8.6.472
best song and best,5,2026-06-30 17:42:12,0,9.1.60.1970
"Spotify used to be good. But the issue is that the mobile app feels like it's becoming unusable for people without premium. earlier today I was listening to an album with 34 songs. Let me repeat, THIRTY FOUR songs, it played two of those songs, then started playing songs by completely different artists. Alongside that, I can't loop songs, I don't know whether thats the mobile version in general, or just a premium thing, but either way, the fact that I can't loop songs on a MUSIC APP is insane.",1,2026-06-30 17:42:04,0,
I'm very much satisfied with personal recommendation of Spotify which is desirable from other music apps,5,2026-06-30 17:41:03,0,9.1.56.574
best music play station 😎😎😎😎😎,5,2026-06-30 17:39:03,0,9.1.58.1567
"What's the purpose of a music app when you can't play the music you want to listen to. I understand profit-making endeavours, but employing measures that force the users to stop using the app altogether, instead of upgrading, doesn't make much sense to me. Users upgrade and subscribe when the premium version offers better experience, not the very basic. If we have to upgrade simply to be able to listen to music of our choice, we'd rather switch.",1,2026-06-30 17:36:29,0,9.1.60.1970
bu,5,2026-06-30 17:34:06,0,9.1.60.1970
this is the best music app,5,2026-06-30 17:33:38,0,9.1.60.1970
bye 😎,5,2026-06-30 17:32:02,0,9.1.60.1970
😇❤️,5,2026-06-30 17:31:40,0,
"I would like to like this app but it gets annoying when u want to skip a song and it says ""get Spotify premium"" I don't have the money for this i would like to be able to skip songs as my as I like",1,2026-06-30 17:30:50,0,9.1.60.1970
anjing spotify xbgi free premium but thank you bray,5,2026-06-30 17:29:52,0,9.1.60.1970
music app of my choice,5,2026-06-30 17:29:34,0,9.1.60.1970
IYKYK <3 Much love and enjoy!,5,2026-06-30 17:28:46,0,9.1.60.1970
my Spotify is not opening i uninstalled and install again but still it is not working properly please take a look on it very soon still it's not working,2,2026-06-30 17:25:56,0,9.1.44.2120
thank you 💕 the day off for you guys,5,2026-06-30 17:25:27,0,9.1.60.1970
simple: amazing,5,2026-06-30 17:23:53,0,9.1.52.1394
Very.good aap❤️♥️,5,2026-06-30 17:22:59,0,9.1.60.1970
awesome y'all.,5,2026-06-30 17:22:37,0,9.1.60.1970
soooo many ads,1,2026-06-30 17:20:19,0,
❣️,5,2026-06-30 17:17:42,0,9.1.52.1394
Very good 👍,5,2026-06-30 17:17:22,0,9.1.60.1970
this apps really fun i can hear my fav song anyway or anytime.,5,2026-06-30 17:17:21,0,
good,4,2026-06-30 17:16:02,0,
"Update: uninstalled then re-installed. issue is still the same. After the update, I'm forced to use the 4x2 widget instead of the 4x1 which I have been using for some time now. When I do use 4x1, a message comes up that I need to use the new widget which is the 4x2. I have to open the app itself to be able to use it because when I tap on the 4x2 widget, it doesn't react. It says it's offline even though I'm connected. It's a bit disappointing and inconvenient.",1,2026-06-30 17:13:22,0,
super 😊👍,5,2026-06-30 17:09:03,0,9.1.60.1970
good,5,2026-06-30 17:03:01,0,9.1.60.1970
yea now I need to pay to play my freaking songs? yea asbtly 1 star,1,2026-06-30 17:00:37,0,9.1.60.1970
"At this point, you might as well rename the app to ""Premium Ads with Occasional Music."" Every update seems to remove another basic feature from the free version. First it was shuffle-only, then endless ads, then you took away the ability to play liked songs properly. Now I can't even choose a specific part of a song or queue the next song I actually want to hear. Apparently, having control over my own music is a Premium feature now. Thanks for making the decision to switch so much easier—at leas",1,2026-06-30 16:57:25,0,9.1.60.1970
very good 😊,5,2026-06-30 16:56:15,0,9.1.60.1970
best music app,4,2026-06-30 16:55:25,0,9.1.58.1567
nice app i like it i can liston my favorate songs on it,5,2026-06-30 16:55:24,0,9.1.60.1970
"its an amazing app but why do you swap originals with scrap off's like kanine berdin's? , i dont get it like its just music that needs to be only organized!",3,2026-06-30 16:52:10,0,9.1.60.1970
ghatiya,1,2026-06-30 16:51:19,0,9.1.60.1970
"Amazing app with a huge collection of music and podcasts. The sound quality is excellent, and I love discovering new songs every day. Highly recommended!!!",5,2026-06-30 16:42:08,0,9.1.52.1394
The best app with good music,5,2026-06-30 16:42:05,0,9.1.42.2058
wow what a app,5,2026-06-30 16:36:14,0,9.1.60.1970
the app is good,4,2026-06-30 16:35:23,0,9.1.60.1970
"Excellent range in music choice, good subscription packages for families with very differing tastes in music and has pretty much all podcasts you can think of. Audiobooks are handy too. But it shuts down mid song after a while. Or play the song, but with no sound. Don't know if it's my phone as I had similar issues with the TIDAL app, but to a greater extent with the latter. Battery is unrestricted and doing a clean reinstall.",4,2026-06-30 16:33:37,0,
"Please, fix your new widget. It doesn't work. It doesn't show the current album cover or the covers of recent albums. It's just terrible.",4,2026-06-30 16:32:41,1,9.1.60.1970
this app is sooo good but adds are playing soooo muchhh and it's kinda irritating,4,2026-06-30 16:32:22,0,9.1.60.1970
it is so good,5,2026-06-30 16:31:26,0,
why is the app so buggy? I have to close and restart the app multiple times to get it to recognize that it's connected to the Internet even though it has been on a solid high quality connection the whole time!,2,2026-06-30 16:28:37,0,9.1.60.1970
goated,5,2026-06-30 16:26:21,0,9.1.60.1970
I been enjoying every moment on Spotify playlist,5,2026-06-30 16:25:08,0,9.1.60.1970
"my experience has always been enjoyable & the level of volume ,base & clarity was impeccable , now I have Bluetooth not giving me that same effect , my volume is very low & I can't seem to adjust as per day instructions, can you suggest something to increase the volume for enjoyable pleasure.",2,2026-06-30 16:22:06,0,9.1.20.1452
"you put the simplest features behind a paywall , theres a reason everyone wants the hacked version on your app , piracy should be your sign to improve",2,2026-06-30 16:21:15,0,9.1.60.1970
trash music application. better you change into quiz app. thats suits you.,1,2026-06-30 16:20:18,0,
"between this and Pandora it's a coin flip, thus maybe a Lil better",5,2026-06-30 16:17:51,0,9.1.58.1567
love it,5,2026-06-30 16:16:36,0,9.0.48.380
Awesome app,5,2026-06-30 16:16:20,0,9.1.60.1970
"The new widget update isn't so great. There are plenty of times when I don't close out the app fully and the widget stays in a buffer. So I have to open the settings and clear the storage and cache to get it to turn on again. Also my app icon seemed to disappear from my apps in my app menu so you can only open it with the widget. I'm not a fan of that either. Also, I liked the smaller widget as well. That's just my personal opinion because I like my home screen a little less bulky looking.",4,2026-06-30 16:15:56,1,9.1.60.1970
excellent,5,2026-06-30 16:15:31,0,9.1.52.1394
the app is slow and often unresponsive. it also erases my downloads when I restart my device. four hours of chatting with support left me with the message that this is a a know issue! That hasn't been fixed!,1,2026-06-30 16:15:18,0,9.1.60.1970
happy,5,2026-06-30 16:10:46,0,
"spotify good,bcs i can hear sound when i playing game",5,2026-06-30 16:10:32,0,9.1.52.1394
"After the last several updates it never closes completely repeatedly showing a notif with ""Spotify is trying to play"", unless you shut down the app manually. The new widget works like garbage, I.e. doesn't work most of the time, just loads endlessly. Besides the new ai features are lameee",1,2026-06-30 16:10:28,0,9.1.60.1970
Amazing,5,2026-06-30 16:09:52,0,9.1.48.1663
"I feel like Spotify premium is mostly useless other than jam and no ads, they should make a no ads/jam only option",3,2026-06-30 16:07:27,0,9.1.60.1970
I'm happy 😊,5,2026-06-30 16:07:12,0,9.1.60.1970
"Spotify is pure musical heaven! The song recommendations are scarily accurate, and the curated playlists for every mood and occasion are absolutely perfect. Podcasts are seamlessly integrated too, making this the ultimate audio entertainment app. My life literally has a soundtrack now.",5,2026-06-30 16:05:31,0,
Fantastic,5,2026-06-30 16:04:52,0,
♾️,5,2026-06-30 16:04:16,0,9.1.60.1970
perfect to use,5,2026-06-30 16:02:11,0,9.1.60.1970
the best,5,2026-06-30 16:01:47,0,9.1.60.1970
obviously really good and not too much ads,4,2026-06-30 15:59:01,0,9.1.60.1970
Exceptional,5,2026-06-30 15:58:32,0,9.1.60.1970
"Spotify used to be my fav app but now it's the most annoying app in my phone like wym I can't skip songs, why the hell I have to wait tmrw just to skip the song I want to listen omg soo annoying and the ads are getting out of the hands i listen to one song and gotta listen to 4 long adds to listen another",1,2026-06-30 15:56:33,0,9.1.60.1970
Junk,1,2026-06-30 15:55:47,0,
notification system is very poor,2,2026-06-30 15:54:19,0,9.1.52.1394
They want premium for download songs,1,2026-06-30 15:51:06,0,9.0.66.655
I love Spotify!!,5,2026-06-30 15:49:03,0,9.1.60.1970
"keeps crashing, unable to open. third time I've had to uninstall and reinstall it.",2,2026-06-30 15:47:13,0,9.1.60.1970
good,5,2026-06-30 15:46:59,0,
very good,5,2026-06-30 15:46:22,0,9.1.60.1970
I just love it! My best App so far...,5,2026-06-30 15:44:09,0,9.1.60.1970
DIET,5,2026-06-30 15:43:18,0,9.1.42.2058
good,5,2026-06-30 15:37:09,0,9.1.58.1567
"Spotify is very good, definitely try!",4,2026-06-30 15:34:10,0,9.1.60.1970
because the songs are nice to hear 😄😄,5,2026-06-30 15:32:17,0,9.1.60.1970
travis scott is the goat,5,2026-06-30 15:31:31,0,9.1.60.1970
👍,5,2026-06-30 15:28:21,0,9.1.60.1970
"I mean the ads are alright, the music quality is also good. would recommend, I don't think the premium is worth for it's price. but it's optional, so I won't let it affect this review. 10/10",5,2026-06-30 15:26:19,0,9.1.60.1970
is a very bad app this any sony can can move need supcrition need click on sony get supcrition,1,2026-06-30 15:24:30,0,9.1.60.1970
Music for everyone,5,2026-06-30 15:21:54,0,9.1.60.1970
"I use Spotify occasionally and personally I didn't experience many ads while I used this app. The quality is really clear , the ability to play songs outside the app is really awesome too , combined with decent ad breaks, it's a really viable option for listening.",5,2026-06-30 15:17:07,0,9.1.60.1970
disaster after 3 months 99% music dissapeared,1,2026-06-30 15:16:39,0,9.1.60.1970
perfect for every situation,5,2026-06-30 15:16:00,0,9.1.52.1394
Very good app 💯,5,2026-06-30 15:15:58,0,
very very bad and full time ads not playing song in free only money subscription iam uninstall the app,1,2026-06-30 15:15:52,0,
good,5,2026-06-30 15:13:40,0,9.1.60.1970
"they deleted the 15s song preview from free version, was that really necessary? even if I can listen to my chosen song it's only available for a few of them and then ""explore premium"" pff no thanks lmao. the bare minimum and they can't even do that, kinda gredy if you ask me update: after updating the app suddenly the small preview on the bottom with the song and the bar disappeared, also from my notification window. what the hell. also saving song option doesn't have SAVE button. idiots",1,2026-06-30 15:12:07,2,9.1.60.1970
best of the best,5,2026-06-30 15:11:52,0,9.1.60.1970
good app but tooo expensive cant even skip songs without getting a ad and only six skips a day rip off download music from mp3,2,2026-06-30 15:11:44,0,9.1.60.1970
It easy to download songs that I want,5,2026-06-30 15:11:23,0,
Great experience 🙏,5,2026-06-30 15:09:32,0,9.1.60.1970
THE BEST!!!,4,2026-06-30 15:03:38,0,9.1.58.1567
The best 👌,5,2026-06-30 15:03:27,0,9.1.60.1970
nice app,5,2026-06-30 15:01:57,0,9.1.50.1906
solid,5,2026-06-30 15:00:34,0,9.1.60.1970
good,5,2026-06-30 14:56:29,0,
"Okay, Spotify, I know this app is free to use and I understand that you want people to buy a Premium membership. But that doesn't mean free users should have to sit through ads in almost every playlist. It's really annoying. Lately, because of the constant ads, I don't even feel like using Spotify anymore. There are just too many ads these days. Please fix this!",4,2026-06-30 14:55:46,0,9.1.60.1970
good,5,2026-06-30 14:51:07,0,9.1.24.1739
good but ads,5,2026-06-30 14:50:08,0,9.1.52.1394
lit,5,2026-06-30 14:48:06,0,
too many ads,1,2026-06-30 14:46:55,0,
love it so much 🫶🏽🫶🏽,5,2026-06-30 14:46:33,0,9.1.60.1970
easy accessibility,5,2026-06-30 14:45:51,0,9.1.60.1970
"This update sucks. Ads are annoying, but I can handle ads. This new update doesn't let you choose a song?!?!?! Like, what's the point of having a music platform when the platform itself chooses a song for you? Spotify is really getting greedy! 👎🏻",1,2026-06-30 14:42:51,0,9.1.60.1970
I love this been using this app for a while thank you.,5,2026-06-30 14:40:57,0,9.1.60.1970
"great job !! Spotify 😀 helped while party,study and so on keep it up 👍✨",4,2026-06-30 14:40:36,0,9.1.60.1970
Its an advertisement app with music break in between. Much better apps available highly not recommended.,1,2026-06-30 14:36:28,0,9.1.60.1970
I wish I can play offline without paying,5,2026-06-30 14:35:28,0,9.1.60.1970
perfect app,5,2026-06-30 14:34:07,0,9.1.56.574
So best,5,2026-06-30 14:32:45,0,9.1.58.1567
Not standing out,3,2026-06-30 14:31:48,0,
nice 👍,4,2026-06-30 14:25:54,0,9.1.56.574
can't do anything on phone but on pc it's good,3,2026-06-30 14:25:22,0,9.0.90.1229
It randomly deleted nearly every single one of my playlists.,1,2026-06-30 14:24:39,0,9.1.60.1970
very good,5,2026-06-30 14:24:14,0,
not bad,5,2026-06-30 14:21:58,0,9.1.60.1970
vary bad experience too many ads,1,2026-06-30 14:21:13,0,9.1.60.1970
it a nice app indeed,5,2026-06-30 14:15:27,0,9.1.42.2058
it's dope,5,2026-06-30 14:14:10,0,9.1.60.1970
Best music for all genres.,5,2026-06-30 14:10:23,0,9.1.60.1970
मिकेस,5,2026-06-30 14:09:53,0,
Their ongoing support of the current regime in the us made me decide to cancel my subscription. Also the unfair compensation for real artists and the flood of AI content makes Spotify the worst streaming platform.,1,2026-06-30 14:09:04,9,9.0.88.1405
bruh what do you mean I can't even choose the song I wanna play for free after a point?,1,2026-06-30 14:08:10,0,
"Recently I noticed a problem in this app , few days ago when I played music and then exit the app and open another app the music stops playing",4,2026-06-30 14:05:55,0,9.1.50.1906
"my phone is a little dumb and disrupts my listening every now and then, but the premium account is definitely worth it to have multiple users on.",5,2026-06-30 14:02:19,0,9.1.60.1970
Kpop Demon Hunters,5,2026-06-30 14:00:46,1,9.1.60.1970
no words to say just enjoy the music....❤️,5,2026-06-30 13:58:56,0,9.1.52.1394
it's very reliable,5,2026-06-30 13:57:42,0,9.1.44.2120
I didn't let play my song I hate it so much,1,2026-06-30 13:56:49,0,9.1.60.1970
its primiam app hamara pas paise nahi,1,2026-06-30 13:53:38,0,9.1.60.1970
this is perfect for my vibe,4,2026-06-30 13:52:52,0,9.1.60.1970
best app of all ...because you search one song and boom just the Playlist I want to listen ✌to,5,2026-06-30 13:50:54,0,9.1.60.1970
its a lil lagy,3,2026-06-30 13:47:22,0,9.1.60.1970
I want Sugusato whimper audios :),5,2026-06-30 13:46:38,0,9.1.58.1567
Amazing experience has a ton of benefits even if not paid also if paid gives you even more excellent services that an a good app might offer✌️,5,2026-06-30 13:45:06,0,9.1.60.1970
Duo Premium is Lit. I can enjoy the list i created.,5,2026-06-30 13:38:37,0,9.1.60.1970
ik no..,5,2026-06-30 13:38:19,0,9.1.60.1970
"I love this app alot, there are thousands of songs, if I even turn off (leave) the app, the song still plays ❤🎀",4,2026-06-30 13:34:58,0,9.1.60.1970
Spotify=Therapy💯,5,2026-06-30 13:33:39,0,9.1.60.1970
great experience,5,2026-06-30 13:33:19,0,9.1.60.1970
🤬🤬🤬🤬🤬🤬 to much paid,1,2026-06-30 13:33:16,0,9.1.60.1970
so good,5,2026-06-30 13:32:40,0,
this app is very good but sometimes the ad is disturbing we because we don't have spotify premium,5,2026-06-30 13:31:33,0,9.1.58.1567
if you don't have premium it barely works,1,2026-06-30 13:28:15,0,9.1.60.1970
which song I want listen and which one is playing 🎴,2,2026-06-30 13:24:36,0,9.1.60.1970
10/10!! I love this app!! I don't have premium but who cares?! it's soo good the only adds I get are only 15-5 seconds long! idk if this happens to others tho... STILL AMAZING! ✩✩✩ (sorry if this sounds AI generated it's not),5,2026-06-30 13:24:03,0,9.1.60.1970
so good 🙌 whenever I feel conscious I hear the songsss 😐 it make me feel calm 🤧😋✨,5,2026-06-30 13:23:29,0,9.1.60.1970
it's a beautiful app...that's what I've gotta say....,5,2026-06-30 13:23:19,0,9.1.60.1970
good,5,2026-06-30 13:21:22,0,
"Too many ads even though I pay, mass staff layoff replaced with AI and it overall has a less human experience. The little blurbs that the AI generates under most songs and artists is a nice idea but theyre loaded with mispellings and the occasional misinformation because there is no fact checking and actual research being done. Spotify has gone in a very lazy direction and im only still on it because of familiarity while I see what out there is better and how ill go about transferring playlists.",2,2026-06-30 13:20:21,0,9.1.60.1970
Great just reduce the amount of ads,3,2026-06-30 13:19:32,0,9.1.58.1567
"it is the best music app, I have been using it for about 3 years,it's all good but I have one thing I wish listening offline was free and I don't have to pay to listen to it offline,but I will still give it 5 stars.😘",5,2026-06-30 13:18:11,0,9.1.60.1970
"""Sorry, we're not be able to play this content"" nyebelin banget. Padahal udah beli premium, tapi terkesan kayak bukan premium, banyak banget musik yang pengen diputar dalam bentuk video tapi gak bisa dan muncul tulisan di atas. Bagusnya memang balik pake Youtube Music lagi daripada aplikasi ini🙄",1,2026-06-30 13:16:16,0,9.1.58.1567
emotional goodness,5,2026-06-30 13:14:19,0,9.1.60.1970
reduce the charges of subscription,5,2026-06-30 13:12:10,0,9.1.60.1970
"The App literally does not load for me. My device runs on android go(HMD Aura 2). It simply says ""Something went wrong have another go"" on the home page. If I go to the library my playlists show but it says Al of them have zero songs. I've tried reinstalling and restarting and clearing cache and storage only to meat the same barrier.",1,2026-06-30 13:08:43,0,9.0.82.1032
top song app,5,2026-06-30 13:08:41,0,9.0.82.1032
your greed disgusts me,1,2026-06-30 13:03:42,0,9.1.60.1970
"this app has improved leaps and bounds as long as you don't think about how data transfer is less than .0004 cents per gigabyte, 12 dollars a month is beyond excessive, and podcasts have ads whether you pay or not. 1 star is all this app is worth until its $5 or less per month for ad free. I ENCOURAGE ALL PODCAST CREATORS TO SUE SPOTIFY, THEY ARE NOW OVERWRITING CREATOR READ ADS WITH DYNAMIC ONES.",1,2026-06-30 13:03:17,2,9.1.60.1970
I love Spotify it's great at knowing me and playing what I like,5,2026-06-30 13:03:07,0,9.1.60.1970
widget update is forced on you but doesn't work unless app is open. ie you cant use the widget to use the app. Previous widget could be used to start the app. The new one is unstable and not fit as a widget.,3,2026-06-30 13:02:38,94,9.1.60.1970
despite having over 1 thousand songs on my playlist the same songs come on lots during shuffle. how is this possible?,2,2026-06-30 13:00:24,0,
too much ads,1,2026-06-30 12:58:16,0,9.1.44.2120
Spotify is a good way to listen to music I like using Spotify every chance I get,5,2026-06-30 12:57:43,0,9.1.60.1970
The Best,5,2026-06-30 12:56:58,0,9.1.60.1970
"perfect music app if you buy premium, it's totally worth it 😉",5,2026-06-30 12:56:26,0,9.1.60.1970
worst music app ever 🤮,1,2026-06-30 12:55:13,0,9.1.60.1970
"its the best 👌, lm absolutely enjoying it",5,2026-06-30 12:55:12,0,9.1.60.1970
fake app,1,2026-06-30 12:54:40,0,
very good music app,5,2026-06-30 12:52:02,0,9.1.58.1567
"very good musics, mostly all types, but too much ads !!!",5,2026-06-30 12:49:57,0,9.1.56.574
Very worst experience if you want to play song 1st you than you songs,1,2026-06-30 12:48:12,0,9.1.60.1970
it's a good app but the ui's could use some work,4,2026-06-30 12:47:44,0,9.1.60.1970
very nice,5,2026-06-30 12:45:58,0,9.1.52.1394
worst app i used when I want to listen my fav. and like song the stop and ads are common in between song and they irritate me and just say go to the premium,1,2026-06-30 12:45:27,0,
very nice sound quality especially in premium,5,2026-06-30 12:45:07,0,9.1.60.1970
i love listening to episodes on it and it keeps me calm,5,2026-06-30 12:40:50,0,9.1.52.1394
love my dragon horde of homemade playlists. it's like a photo album but music.,5,2026-06-30 12:36:55,0,9.1.60.1970
"The ads are getting super annoying .I mean ,ad 1/3?! Forced to go premium I guess .",4,2026-06-30 12:36:24,0,
poor,1,2026-06-30 12:35:54,0,9.1.52.1394
I like Spotify but in the last few months the app is struggling to load when I try to open it. Then i have to uninstall and re install it.It works for a few hours then the same happens again. Extremely frustrating.,2,2026-06-30 12:31:22,0,9.1.60.1962
perfect,5,2026-06-30 12:29:43,0,9.1.52.1394
Nice 🙂,5,2026-06-30 12:29:06,0,9.1.60.1970
"so many adds, and half of the functions are premium",1,2026-06-30 12:27:29,0,9.1.42.2058
pinkiDeykarmakar,5,2026-06-30 12:27:07,0,9.1.60.1970
"so many adds (to an extend that after every 2 songs there are adds 3 of them to be precise), half of the functions are premium, this platform is just not usable without premium",2,2026-06-30 12:25:52,0,9.1.60.1970
so great 👍,5,2026-06-30 12:25:43,0,9.1.60.1970
superb quality of sound,5,2026-06-30 12:24:28,0,9.1.60.1970
"Плюсы: удобное приложение, бесплатная подписка аж на 3 месяца, отличные подборки музыки без 1000 и 1 ссаного ремикса Минусы: После него вк постоянно спамит своей вк музыкой и засрал ТикТок своей рекламой",1,2026-06-30 12:23:03,0,9.1.50.1906
works snd help is quick,5,2026-06-30 12:17:47,1,9.1.60.1970
I have used The app one off the best music 🎵🎶 app....Tera aa mera aa rishtaaa purana,4,2026-06-30 12:15:16,0,9.1.60.1970
nice songs app,5,2026-06-30 12:11:26,0,9.0.46.496
❣️,5,2026-06-30 12:10:07,0,
ya no puedo ver mis playlist en el telefono,1,2026-06-30 12:07:31,1,9.1.60.1970
it was good but there are so many adds and always add to go premium .,5,2026-06-30 12:07:06,0,
2 ads after every 3 or 4 listens is kinda frustrating… but the overall quality is fine.,3,2026-06-30 12:05:31,0,9.1.60.1970
"Overall, as a free user. I got frustrated, bought Premium Standard. Now for lossless its asking to pay for Premium Platinum. Bruhhhhh. 😑",3,2026-06-30 12:04:52,0,9.1.60.1970
this is verrrry good app i love it 😘😚😙,5,2026-06-30 12:02:38,0,
Great app,5,2026-06-30 12:00:07,0,9.1.60.1970
dependable app,5,2026-06-30 12:00:03,0,9.1.60.1970
cool,5,2026-06-30 11:59:58,0,9.1.60.1970
it keeps bringing me to audo that are NOT ON Spotify even when I dont allow it so I have to uninstall Spotify when wanting to listen to my audio even when Spotify doesn't have permissions to use it. and now when I listen MY Playlist it just doesn't play MY SONGS.and then I have to stop what im doing and fix it,1,2026-06-30 11:57:44,1,9.1.60.1970
I have premium with the family plan and it's just amazing for music in general,5,2026-06-30 11:56:53,0,9.1.60.1970
good,5,2026-06-30 11:56:30,0,9.1.60.1970
Always had the premium version and never any conplaints! Love it so much.,5,2026-06-30 11:50:39,0,9.1.60.1970
awesome,5,2026-06-30 11:50:30,0,9.1.60.1970
"Spotify is a top-notch app for music & podcasts and so much more. I love how easy it is to seamlessly connect other devices (like my TV) when I want to continue to watch or listen to content there. I have never had a song stop playing to buffer either. If you can't find the music you want to listen to on it, I would question whether it even exists. ❤️🤷‍♂️",5,2026-06-30 11:49:36,0,9.1.60.1970
original,5,2026-06-30 11:49:13,0,9.1.60.1970
nice,4,2026-06-30 11:47:59,0,9.1.60.1970
so good,5,2026-06-30 11:47:05,0,9.1.60.1970
Great!,5,2026-06-30 11:45:57,0,9.1.60.1970
"This is a very good music app, this is very good",5,2026-06-30 11:45:26,0,9.1.60.1970
love it,1,2026-06-30 11:41:10,0,9.1.60.1970
"very good... I'm very Happy this app.good music,good sound..",4,2026-06-30 11:36:58,0,
"Recently, I've been getting three plus ads just after one song. One to two minutes average per one song, then immediately I get hit with four ads in a row. At this point, you're listening to more ads than music, and the only ""solution"" is to pay a ridiculous amount of money for premium, but from what I can tell, it's not even worth it and barely has any affect anyways. And when I start a playlist, half of the time, it plays several random songs before it plays one that's actually in my playlist.",1,2026-06-30 11:35:14,0,9.1.60.1970
Bring back the 4x1 widget. I don't want the 4x2 version. Waste of space!,1,2026-06-30 11:34:38,0,9.1.60.1970
idk what to type here,5,2026-06-30 11:32:38,0,
vah bhai maja a gaya bhai bahut badhiya bahut badhiya maja a gaya bhai Maja,5,2026-06-30 11:31:12,0,9.1.52.1394
this app is very useful but this app has primium membership,4,2026-06-30 11:27:53,0,9.1.60.1970
the ads are disturbing me,1,2026-06-30 11:25:57,0,9.1.60.1970
Nice,5,2026-06-30 11:25:18,0,
keeps glitching and won't load just has a black screen,1,2026-06-30 11:24:51,0,9.0.94.274
Love Spotify my son has music he wrote and plays in his albums he has always loved music as well as his songs give him a way to deal with a lot of the issues of life he’s gone through rather then other outlets he could be doing! So not only does it hav hrs of awesome artists and songs ….. I get to listen to my talented and creative and passionate son venting in his songs the good times and the some bad days as we all experience xoxo,5,2026-06-30 11:24:03,0,
cool,5,2026-06-30 11:20:32,0,9.1.60.1970
"skrg apa"" premium, iklan yg awalnya cuma 1 ditambah tambah terus smpe 4",1,2026-06-30 11:17:31,0,
"worst aap in the history of music listening apps, everytime it asks for taking premium and it only plays 1-2 song back to back and then 2-3 ads, my question is what is this.? I suggest nobody should download it, use other apps that give you ads free listening..",1,2026-06-30 11:14:55,0,9.1.60.1970
fabulous,5,2026-06-30 11:14:35,0,
Grateful!,5,2026-06-30 11:10:25,0,9.1.60.1970
everything is pad,1,2026-06-30 11:09:16,0,9.1.60.1970
I've Enjoyed Growing Step By Step. Oh how we have grown.,5,2026-06-30 11:07:14,0,9.1.60.1970
pehele se ab 99% adv band ho gaye h.....bole toh jhakkkaaasssssss🤗😀👌🏻,5,2026-06-30 11:06:51,0,9.1.60.1970
used app for over 10yrs.. as well as premium. it's a solid music app. very very rarely have i had connection issues coming from there servers.,5,2026-06-30 11:04:58,0,9.1.60.1970
I love this app,4,2026-06-30 11:04:42,0,9.1.60.1970
The better application for listen music,5,2026-06-30 11:02:39,0,9.1.60.1970
"great aap ,great music... but their plan sucks, they don't have yearly plan and it deducts randondom amount on autopay mode .....",1,2026-06-30 11:01:02,0,9.1.60.1970
realllyyyy the best music appl,5,2026-06-30 10:58:06,0,
"provides a good platform but the changed the payment structure forcing you to pay more. I was on premium duo for a long time, now the option got taken away and no longer available making it more expensive.",1,2026-06-30 10:55:22,0,9.1.60.1970
Still using Spotify & continues to be my favorite music app . Can't find a better one . If I could give it more stars I would ⭐⭐⭐⭐⭐⭐,5,2026-06-30 10:55:18,15,9.1.60.1970
good,5,2026-06-30 10:53:00,0,9.1.60.1970
"Music experience is good, however, podcast experience is awful. Getting tired of video and audio podcast just being a laggy mess even when downloading. Maybe it's time for YouTube Music.",2,2026-06-30 10:52:17,0,9.1.60.1970
Subscription ke baad 🔥,5,2026-06-30 10:52:11,0,9.1.60.1970
awesome 👍,5,2026-06-30 10:51:20,0,9.1.60.1970
this app has gone even low by only giving you to listen 2 songs then gives pop ups for premium WHERE THE PRICE HAS ALSO GROWNN!!,1,2026-06-30 10:49:47,0,9.1.60.1970
simple and friendly,5,2026-06-30 10:49:33,0,9.1.60.1970
Its my source of music that takes me to a happy place,5,2026-06-30 10:46:37,0,9.1.60.1970
"I love this app! I can make many Playlists for different things. you can listen to music, podcasts, and watch videos from your favorite creators (not just music artists). My only complaints is that I can not name my folders if I place Playlists into a folder and on the free version there are ads you have to listen to every 20-30 minutes. Edit: you can name the folders now! I enjoy this so much, now my only complaint is the ads on the free version that happen every 20-30 minutes or so.",4,2026-06-30 10:45:15,2,9.1.60.1970
very good 👍 to be a long night,5,2026-06-30 10:44:56,0,9.1.60.1970
total disaster,1,2026-06-30 10:44:38,0,9.1.60.1970
best but apple music is better,5,2026-06-30 10:43:04,0,9.1.60.1970
need premium to select and skip a song..... and they say if you want to skip pay 200... wow most useless music app in history of mankind,1,2026-06-30 10:43:00,0,9.1.52.1394
very good,5,2026-06-30 10:42:59,0,9.1.60.1970
good,5,2026-06-30 10:41:56,0,9.1.60.1970
"Wow! A great App, I'm really enjoying it for personal, family, and corporate devotions and worship. I wholly recommend it to everyone. Thank you to the Spotify team for designing this wonderful App. Abundant blessings.",5,2026-06-30 10:39:45,1,9.1.60.1970
This app is very good this is very good then gana app,5,2026-06-30 10:39:39,0,9.1.60.1970
Spotify keeps crashing and failing to load more than a few seconds of a song at a time. Wi-Fi and LTE is working fine and app is freshly re-installed.,5,2026-06-30 10:36:47,1,8.6.42.671
Very good experience And it shows lyrics to clear doubts that what it is singing,5,2026-06-30 10:29:10,0,9.1.60.1970
doesn't wanna work this app,1,2026-06-30 10:27:43,0,9.1.60.1970
🫶🫶🫶,5,2026-06-30 10:25:03,0,
too many ads in this app it's so disgusting to listen songs,2,2026-06-30 10:24:39,0,9.1.34.2060
perfect music app,5,2026-06-30 10:23:58,0,
"Every song that comes to mind, at your fingertips. I cannot convey how Spotify has transformed my musical experience for the better.",5,2026-06-30 10:23:47,0,9.1.60.1970
I have found all the songs I've looked for,5,2026-06-30 10:22:01,0,9.1.60.1970
👍ok super,5,2026-06-30 10:21:59,1,9.1.60.1970
"awesome music app, just wish it had more songs",4,2026-06-30 10:21:26,0,9.1.58.1567
"Spotify has started to disappoint consistently. They vibe coded app is not just opening anymore. Come on, its expected better from you.",2,2026-06-30 10:19:22,1,9.1.60.1970
perfect music experience!,5,2026-06-30 10:15:51,0,9.1.60.1970
very sweet and reliable app,5,2026-06-30 10:15:28,0,9.1.56.574
loveeeeeeeeeeee itttttttttttttttttt,5,2026-06-30 10:08:48,0,9.1.60.1970
very nice game,5,2026-06-30 10:08:20,0,
good 👍🏻,5,2026-06-30 10:07:26,0,8.9.4.304
where is my disco icon,1,2026-06-30 10:05:34,0,9.1.60.1970
Love the Playlists Spotify creates for me. I haven't heard some of these favorites in decades!,5,2026-06-30 09:57:35,0,9.1.60.1970
"I get you wanna sell your premium,, but whats the point of genuinely ruining the experience by adding so many adds and removing the most barest minimum features for users who have been using Spotify for years.. genuinely disappointing. can't even listen to 2 songs in peace without advertisements ruining the experience. its like 10 advertisements between just 3 songs.. while when I made a new account,, no ads were shown at all neither were any features like playing songs on my own removed.",1,2026-06-30 09:55:40,0,9.1.60.1970
ad 😡,2,2026-06-30 09:52:39,0,9.0.68.632
"GAUSAH DIDOWNLOAD APLIKASI INI, IKLANNYA LEBIH PANJANG DARIPADA LAGUNYA!!!!!!????!!!!",1,2026-06-30 09:51:47,0,
All that money and the app still can't play a 10hr audio file from my phone through the night while connected to wifi without closing the app. pathetic.,1,2026-06-30 09:49:46,0,9.1.60.1970
awsome love the music videos that come with it,5,2026-06-30 09:48:10,0,9.1.60.1970
i like this app playlist,5,2026-06-30 09:45:15,0,9.1.58.1567
my All time favourite 😍 my happiness with dress buster,5,2026-06-30 09:43:48,0,9.1.58.1567
one of a kind,5,2026-06-30 09:43:25,0,9.1.60.1970
I like it 👌,5,2026-06-30 09:42:08,0,9.1.60.1970
it is great for music,5,2026-06-30 09:41:25,0,9.1.58.1567
worst App for songs,1,2026-06-30 09:39:59,0,9.1.60.1970
wanna break from bad rating?,1,2026-06-30 09:37:55,0,9.1.56.574
I am enjoying the various offerings available. The enjoyable offerings are refreshing in many ways.,5,2026-06-30 09:30:35,0,9.1.60.1970
it's good but the ads are just annoying but who cares,5,2026-06-30 09:29:45,0,
help me,5,2026-06-30 09:29:22,0,
very best app,5,2026-06-30 09:28:20,0,
Could not find genre of any song (not in the search). Seems like it should be as this is one of the biggest music applicatioms.,3,2026-06-30 09:23:53,0,9.1.60.1970
great,5,2026-06-30 09:19:42,0,9.1.60.1970
I hope everyone who runs this app drowns in feces.,1,2026-06-30 09:18:47,63,9.1.60.1970
"JUDAS, JUDA-AH AH JUDAS, JUDA AH AH",5,2026-06-30 09:18:22,0,
very nice,5,2026-06-30 09:18:02,0,
"(Originally 2 stars.) Fine app, way too many ads. Every time I get an ad it's already 3 ads or 6. Disappointed (New response, still 2, if not 1.5 stars.) The song selection is fine I guess, the amount of ads are annoying especially for mobile. The good quality of the Songs gets out weighed bu the tons and tons of ads. (Updated) Now I get more songs but 4-5 or even 6 ads. (Overal) Fine if you have money to waste on this app...",2,2026-06-30 09:07:28,0,9.1.60.1970
tnl.0 09 l 0m0 hii 9,3,2026-06-30 09:04:19,0,9.1.58.1567
"The song is cut off in the middle and some random song starts playing. moreover, some of the songs don't have any audio. Terrible experience.",1,2026-06-30 09:01:06,0,9.1.56.574
super .i like it.,5,2026-06-30 08:57:37,0,9.1.60.1970
"The music recommendations are always spot on. I love discovering new songs and podcasts every day. Additionally, the sound quality is among the best and my favorite feature in this app is that i can costumize the transition between the song.",5,2026-06-30 08:53:54,0,
best app for listening songs while doing another work and I don't get any ads,5,2026-06-30 08:53:18,0,9.1.60.1970
"I love this app, all I need are in this app and it doesn't consume data and battery. all premium songs that you can't see anywhere else are here. join me to enjoy music..",5,2026-06-30 08:51:21,0,9.1.52.1394
this app is extremely good,5,2026-06-30 08:50:29,0,9.1.60.1970
too mach ads,3,2026-06-30 08:48:28,0,9.1.60.1970
The only app where you can listen to music of your choice and taste without any mix but you have to sacrifice a small amount of your hatho ka mail (paisa) just 70 per month,5,2026-06-30 08:41:30,0,9.1.60.1970
"I will can not skip, this prime app an you will use this app",5,2026-06-30 08:36:03,0,9.1.52.1394
😲😳 WOW 😲😳,5,2026-06-30 08:27:50,0,9.1.60.1970
Well it put songs on my playlist that I didn't put.But otherwise it was good.,4,2026-06-30 08:25:20,0,9.1.60.1970
great,5,2026-06-30 08:21:27,0,9.1.60.1970
As a music app and has A LOT of ADS recommend for people who hate YouTube,5,2026-06-30 08:17:48,0,9.1.60.1970
I like the app but what annoys me is that it SHUFFLES my playlist! like let me listen to the order I put the songs in. please fix this Spotify! :(,4,2026-06-30 08:17:17,0,9.1.60.1970
There are too many ads and it doesn't allow you to relax and listen to music.,1,2026-06-30 08:16:43,1,9.1.60.1970
Been using it for over 10 years now and its getting better and better every year.,5,2026-06-30 08:14:05,0,9.1.60.1970
tuff,5,2026-06-30 08:13:19,0,9.1.60.1970
sahel,4,2026-06-30 08:12:08,0,9.1.60.1970
excellent app for hearing music on the go.,4,2026-06-30 08:09:45,0,9.1.60.1970
Great service with a very extensive library. I can access almost any track I can think of.,5,2026-06-30 08:05:21,0,9.0.68.632
best ever love using this app,5,2026-06-30 08:03:30,0,9.1.52.1394
My music go to. Get it if you don't have it. You'll be glad that you did.,5,2026-06-30 08:03:08,0,9.1.60.1970
good music playing app but the constant pop ups for premium are a real pain and are freaking irritating,3,2026-06-30 07:58:16,0,9.1.58.1567
de poca madre TT he Best community o bebés community de poca madre tatty at&t night 🌉🌃,5,2026-06-30 07:57:53,0,9.1.60.1970
"I am using this app from so long but now this app is asking me to buy premium to play my favourite song, now I am very disappointed i am uninstalling this app.",1,2026-06-30 07:56:24,0,9.1.56.574
Music is my thing and Spotify 😁,5,2026-06-30 07:52:34,0,8.8.96.364
Very bad after update bacause Not Play Previous not work side and back side song control and not refined interface very very bad 😡😡😡😡😡😡 I'm around 14 years se app hai spotify mari phon ma (Today I'm Uninstall this app and NOW 🤬🤬🤬🤬🤬🤬🤬🤬),1,2026-06-30 07:47:18,0,9.1.12.226
"This app isn't good, if it wasn't for the Bluetooth connection you can do inside the app, I would use YouTube Music that actually gives you a good recommendation of music based on your taste.",2,2026-06-30 07:42:08,0,9.1.60.1970
fading between tracks is cooked at the moment. my 10 month old could do a better job.,4,2026-06-30 07:40:24,78,9.1.60.1970
good and fun,5,2026-06-30 07:39:31,0,9.1.60.1970
Awesome,5,2026-06-30 07:38:41,0,
wow thank you rubi!!!!,5,2026-06-30 07:37:03,0,9.1.60.1970
I CAN'T DOWNLOAD SONGS IN SPOTIFY THAT IS MAIN REASON TO GIVE ONE STAR.,1,2026-06-30 07:35:47,0,
👌🆗ok,3,2026-06-30 07:34:16,0,9.1.58.1567
Playlist are not good they are not as my mood,1,2026-06-30 07:33:35,0,9.0.68.632
best platform for music and better than other competitor like gaana or jio music. Thanks SPOTIFY .😁,5,2026-06-30 07:29:49,0,9.1.60.1970
good,5,2026-06-30 07:29:37,0,9.1.58.1567
"Very superb. The music played here is super good. I got reminded of a no.of songs that I had spent a long time without listening to them, of my favourite international artists like Nicki, Beyonce, Tailor and the like 👍",5,2026-06-30 07:24:16,0,
"if price decrease , most people wil subscribe",5,2026-06-30 07:23:01,0,9.1.60.1970
"I highly recommend the free version, free trials, and paid subscription to others! I don't know how I ever lived without Spotify! I can listen to my old music, discover new upcoming artists, listen to my favorite musicians' personal playlists to update my own playlists, share playlists, and so much more! I appreciate the trial subscriptions and ability to choose a single account, a discounted student account, or a family subscription (up to 5 accounts @ one low price).",5,2026-06-30 07:20:45,0,
"Spotify is simply Spot ON ab mein is se jyada kya kahu mujhe ishq hai. hai toh hai tumko mirchi lagi toh tum bhi subscribe karlo acha mehsoos hoga arre mann lo meri baat RAVI RAWAT The Most Emerging Serial Social Entrepreneur of Bharat Awarded by Government of India OSD Goverment of Mahakaal Also OSD of NSA to PM of GoI Bharat IT, Cyber Security, Startups",5,2026-06-30 07:18:21,0,9.1.60.1970
The new widget is terrible. It constantly breaks and displays a loading screen instead and will not let me open the app through it. This was never a problem with the old widget that the developers disabled to force users onto their awful broken new widget. The new widget doesn't even add anything the old one didn't already offer.,1,2026-06-30 07:15:30,0,9.1.60.1970
adds disgusting,4,2026-06-30 07:10:18,0,9.1.58.1567
I love Spotify uhh I don't like the ads tho yeah.,4,2026-06-30 07:02:44,0,9.1.52.1394
"Used to be great, now there are way to many ads, and what's worse is you can't even play a song anymore, you have to play a suggested playlist based on that song, I'd rather just use youtube. It also won't let me choose a song when I want.",1,2026-06-30 07:01:40,0,9.1.50.1906
I can use this everyday!,5,2026-06-30 06:59:13,0,9.1.60.1970
Its a good music app,5,2026-06-30 06:55:12,0,9.1.56.574
too difficult to discover new music. it seems shuffle mode plays the same stuff in same order,1,2026-06-30 06:50:26,0,9.1.60.1970
nice 🙂🙂🙂🙂🙂🙂👍👍👍👍👍,5,2026-06-30 06:34:21,0,
I love it,5,2026-06-30 06:32:54,0,9.1.16.1450
exceptional,5,2026-06-30 06:30:10,0,9.1.60.1970
I have to force stop every time I want to use it since they added ai,1,2026-06-30 06:29:20,0,
"honestly one of the most used apps on my phone, I use it everyday, it's great for cleaning, work, hanging out with friends, ect.",5,2026-06-30 06:28:38,0,9.1.60.1970
"I wish I could leave negative stars. I've used Spotify for 13 years, and I have seen the platform completely disintegrate over that time. All complaints that have been left here by others are the same ones I have, but as a bonus, as of today I can only listen to one single song between ad rolls. Just one. Even a song under three minutes long. Spotify free is completely unusable. It is just a continuous slew of ads with a single song thrown in every once in awhile. It's time to move on.",1,2026-06-30 06:25:03,0,9.1.60.1970
wow,5,2026-06-30 06:24:07,0,9.1.60.1970
"Since the latest update, it's been frustrating to use. The currently playing widget/bar(?) thing inside the app and outside the app has stopped working after an ad plays, so I can't see what song I'm listening to. Restarting the app doesn't fix it. Restarting my phone doesn't fix it. The only temporary fix I've found is changing playlists - but as soon as another ad plays it's broken again. It displays all the ad info correctly, then breaks as soon as it goes back to music.",3,2026-06-30 06:22:55,0,9.1.60.1970
so good with premium,5,2026-06-30 06:20:41,0,9.1.60.1970
It is so cool I can listen to my playlist,5,2026-06-30 06:12:37,0,9.1.60.1970
"I have for a long time paid full price for this app. Recently I have Uninstalled and reinstalled a dozen or so times because it refuses to load. When it works it's awesome, but I haven't been able to use it recently",2,2026-06-30 06:12:15,0,9.1.60.1970
it's amazing,5,2026-06-30 05:54:23,0,9.1.60.1970
I love the app but I can't select the song by my own,4,2026-06-30 05:50:55,0,9.1.60.1970
good,5,2026-06-30 05:50:09,0,9.1.58.1567
ik vind de app opzich goed alleen ik heb premium maar krijg nogsteeds advertenties (die je niet kunt doorspoelen) waardoor de ervaring van de app gewoon niet leuk maken. zonder premium is de app ook niet zo heel erg fijn om te gebruiken om eerlijk te zijn.,3,2026-06-30 05:49:24,0,9.1.60.1970
good app for song listener's,5,2026-06-30 05:44:54,0,9.1.60.1970
nut,5,2026-06-30 05:37:49,0,
There's nothing I hate can complain about this app,5,2026-06-30 05:33:56,0,9.1.56.574
littered with AI generated artists and songs. you can barely listen to music on the free version due to limited skips and constant ads. they take money from artists. it may be free but if you care about the artists and hate generative AI I wouldn't recommend it.,1,2026-06-30 05:29:05,0,
Doesn't really treat you good if you don't have spotify premium,4,2026-06-30 05:26:33,1,9.1.60.1970
i don't think that yhis tlo,5,2026-06-30 05:24:16,0,9.1.60.1970
Great variety! Great choices!,5,2026-06-30 05:22:56,0,9.1.60.1970
good music u have 🆗👌👍more power!!,5,2026-06-30 05:18:52,0,9.1.58.1567
cool asf 😎,5,2026-06-30 05:18:31,0,
it's quite nice but the free plan sucks like you can't skip after a certain amount of skips and all that.but the annual stats thing is quite cool,4,2026-06-30 05:17:40,0,9.1.60.1970
ary bhae kia chez h yeh awesome,5,2026-06-30 05:17:12,0,
Great 😃👍,5,2026-06-30 05:15:58,0,
Nice!,5,2026-06-30 05:15:46,0,9.1.60.1970
I JUST THINK ITS PERFECT,5,2026-06-30 05:15:18,0,9.1.60.1970
offline music,5,2026-06-30 05:14:37,0,9.1.52.1394
cant chose a song to play after a certain amount of changes anymore revert this immediately,1,2026-06-30 05:14:14,0,9.1.60.1970
nice one,5,2026-06-30 05:07:58,0,9.1.58.1567
this app is really cool wen ur on premium,3,2026-06-30 05:05:20,0,9.1.56.574
excellent,5,2026-06-30 05:04:37,0,9.1.60.1970
"This is a very bad app, because here two two advisiterment come before and after every song due to which we are not able to feel any song properly...Please improve this...",1,2026-06-30 04:58:37,0,9.1.58.1567
"the new widget is kinda trash. it's always TRYING to play, or not loading correctly. I dont want to ""upgrade"" for a worse experience.",2,2026-06-30 04:56:12,0,9.1.60.1970
"Guys, can you PLEASE move the three dot menu down, near the ""download button"" BACK? This change literally serves NO purpose except for making the menu harder to reach. WHY?",4,2026-06-30 04:54:29,173,9.1.60.1970
skipping during play back,3,2026-06-30 04:54:29,0,8.9.24.633
it works. ads are excessive.,3,2026-06-30 04:51:19,0,9.1.60.1970
amazing it had all the song i wanted to listen to the only down side is you gotta pay for no ads,5,2026-06-30 04:49:28,0,9.1.60.1970
not working,2,2026-06-30 04:48:45,0,9.1.60.1970
"I like the app a lot, the only thing I don't like is needing the new widget to keep the widget I like on my home screen. The new one it requires is bulky and takes up more space on my screen. I like the one where I can just press play on the screen and it not take up half a page to show me other albums I can listen to. I have premium, and I like the unlimited skips and no ads, my only complaint is the changes widgets.",4,2026-06-30 04:47:47,0,9.1.60.1970
"it takes forever to open, load up Playlist and I can't use with certain apps open(like Pokémon, lords mobile, or games... sometimes ai chat apps too)",2,2026-06-30 04:46:11,0,9.1.60.1970
"Keep getting an error where Spotify says it's ""trying to play"" while playing. Have to open the app directly to change the song. Force stopping doesn't work for long. Clearing cache, etc.",3,2026-06-30 04:42:27,0,
ok,5,2026-06-30 04:41:43,0,9.1.60.1970
"spotify very good yes, I use everyday and I'm probably gonna have like 4,000 minutes for my wrapped yay",5,2026-06-30 04:34:39,0,9.1.52.1394
My favorite music app!,5,2026-06-30 04:33:58,0,9.1.60.1970
"The Family Plan setup needs a major update. Right now, only one parent gets to act as the plan manager, meaning only one person gets the audiobook time and account management control. In a family household, both parents should absolutely be able to manage the account and share those perks. Also, the AI music algorithm is incredibly frustrating compared to platforms like Pandora. It rarely plays what you actually want to hear unless you sit down and build your own playlist from scratch. Honestly,",1,2026-06-30 04:33:17,0,9.1.60.1970
nice working,5,2026-06-30 04:33:04,0,9.1.56.574
aver all good but I don't like that It block it from working to do a rating.,3,2026-06-30 04:26:15,0,9.1.60.1970
it's really awesome I love it,5,2026-06-30 04:25:16,0,9.1.60.1970
I like the fact that I can pick and choose songs. Your not stuck listening to a preloaded sound track.,5,2026-06-30 04:22:50,0,9.1.60.1970
premium should be free,4,2026-06-30 04:19:08,0,9.1.60.1970
I do wish the app wasn't run by zionists tho,5,2026-06-30 04:16:22,0,9.1.60.1970
"Spotify as a service itself is good, however, the Android app is an embarrassment. Even on a decent phone, it constantly freezes, takes ages to load and sometimes crashes. I often have to restart the app simply because a playlist is loading infinitely. Also, sometimes it just randomly starts playing songs when I'm not using the app. Earlier, I couldn't get it to play my songs, and about an hour later, to my surprise, music starts playing out of my phone without me doing anything! Appalling.",1,2026-06-30 04:15:32,0,9.1.60.1970
Spotify took me through a mountainous drive where there was no radio access,5,2026-06-30 04:11:00,0,9.1.60.1970
apps been terrible since the update. the widget is now useless unless it takes up.half your screen and doesn't work.,1,2026-06-30 04:02:57,0,9.1.60.1970
why I can't listening my playlist or albums,1,2026-06-30 04:02:24,0,9.1.60.1970
best music app I ever used,5,2026-06-30 04:01:49,0,9.1.60.1970
of,4,2026-06-30 03:56:59,0,
good,5,2026-06-30 03:54:03,0,9.1.60.1970
I used to listen in my music app but recently i downloaded spotify and used while in free After two or three updates i rather use my music app Spotify lock necessarily things like shuffle and skipping songs unlimited and gives you all of this in a premium spotify account It doesnt worth anymore,2,2026-06-30 03:53:54,0,9.1.60.1970
have had Spotify for years there's too many ads,4,2026-06-30 03:53:16,0,9.1.60.1970
I like the features. Impressive.,4,2026-06-30 03:36:42,0,9.1.60.1970
I like thu app,5,2026-06-30 03:35:09,0,9.0.62.622
it's good and all but after every song there is 45 seconds of ads. YouTube music gives you free premium for 3 months just for listening to it. They need to stop with the huge UNSKIPPABLE ad segments bc it's honestly not convincing me to buy the over priced premium,2,2026-06-30 03:34:51,0,9.1.60.1970
way to many adds,4,2026-06-30 03:32:01,0,9.1.60.1970
Good quality and so many setting for transitions. I recommend premium or you will get a lot of ads and there aren't many unreleased songs because they get banned.,4,2026-06-30 03:30:55,0,9.1.60.1970
it bicame so bad you can't play music whitout premium (at least it's like that for me),1,2026-06-30 03:29:28,0,9.1.60.1970
I love it,5,2026-06-30 03:26:37,0,
Battery 🔋 drainer FIX: UNINSTALLED WHEN I'M DONE WON'T STAY ON MUSIC,1,2026-06-30 03:23:50,0,9.1.60.1970
nice,4,2026-06-30 03:16:30,0,9.1.56.574
Everytime I open this app I stray further away from ever giving my credit card info to these sadistic money leeches.,1,2026-06-30 03:15:06,0,9.1.60.1970
very pleased now,5,2026-06-30 03:10:57,0,9.1.60.1970
at first I was enjoyed but the is annoying and we need premium for no ads and it's very expensive,1,2026-06-30 03:08:28,0,9.1.60.1970
"my music is playing but there's no sound, even when it's connected or not connected to Bluetooth, the sound level high, even tried the max volume and medium. but nothing works, I really want to listen to music, I'm even paying for the premium :(((",3,2026-06-30 03:07:44,32,9.1.60.1970
less ads this would be goated,4,2026-06-30 03:02:45,0,9.1.60.1970
perfect,5,2026-06-30 02:58:26,0,9.1.52.1394
excellent,5,2026-06-30 02:53:53,0,9.1.60.1970
"I swear they teamed up with companies like android to make life harder for us, these days phones don't even have a way to play songs in your files! I tried to play a song in my files and Spotify opened??? almost all the apps to play music you already have on your device are ridden with ads and Spotify is HORRIBLE I only use it because there's nothing else. I get using ads to pay artist but not being able to go back a song or move to a certain spot in a song without premium is RIDICULOUS!!",1,2026-06-30 02:53:52,0,9.1.60.1970
There are a lot of ads and I can't choose the song that I want!,1,2026-06-30 02:48:47,1,9.1.60.1970
"App becoming mroe buggy lately. The new widget seems to enter a state where it says 'tap to refresh' but tapping doesn't do anything. I had to replace the widget with a shortcut to the app or else I couldn't open it from my home screen. Edit: after trying the support steps (logging out, updating, restarting), I still see the same issue",3,2026-06-30 02:47:37,0,8.8.48.523
